ï»¿transactions_id,sale_date,sale_time,customer_id,gender,age,category,quantiy,price_per_unit,cogs,total_sale
180,11/5/2024,10:47:00,117,Male,41,Clothing,3,300,129,900
522,7/9/2024,11:00:00,52,Male,46,Beauty,3,500,145,1500
559,12/12/2024,10:48:00,5,Female,40,Clothing,4,300,84,1200
1180,1/6/2024,8:53:00,85,Male,41,Clothing,3,300,129,900
1522,11/14/2024,8:35:00,48,Male,46,Beauty,3,500,235,1500
1559,8/20/2024,7:40:00,49,Female,40,Clothing,4,300,144,1200
163,10/31/2024,9:38:00,144,Female,64,Clothing,3,50,23,150
303,4/22/2024,11:09:00,54,Male,19,Electronics,3,30,15,90
421,4/8/2024,8:43:00,66,Female,37,Clothing,3,500,235,1500
979,5/18/2024,10:18:00,6,Female,19,Beauty,1,25,11,25
1163,5/4/2024,10:52:00,120,Female,64,Clothing,3,50,27,150
1303,3/19/2024,8:59:00,58,Male,19,Electronics,3,30,15,90
1421,1/17/2024,7:07:00,59,Female,37,Clothing,3,500,185,1500
1979,8/17/2024,11:34:00,102,Female,19,Beauty,1,25,8,25
610,12/18/2024,6:56:00,137,Female,26,Beauty,2,300,93,600
1610,11/23/2024,10:18:00,1,Female,26,Beauty,2,300,102,600
32,7/16/2024,9:11:00,150,Male,30,Beauty,3,30,8,90
231,7/9/2024,7:02:00,50,Female,23,Clothing,3,50,27,150
683,3/6/2024,10:22:00,82,Male,38,Beauty,2,500,175,1000
1032,4/1/2024,8:15:00,1,Male,30,Beauty,3,30,11,90
1231,1/29/2024,7:05:00,12,Female,23,Clothing,3,50,23,150
1683,5/4/2024,7:19:00,98,Male,38,Beauty,2,500,220,1000
367,12/30/2024,7:03:00,123,Female,57,Electronics,1,50,18,50
391,3/25/2024,7:37:00,68,Male,19,Beauty,2,25,6,50
1797,4/16/2024,11:47:00,147,Male,40,Clothing,3,25,12,75
1921,2/8/2024,7:01:00,77,Male,51,Electronics,3,25,8,75
291,11/22/2024,8:29:00,15,Male,60,Clothing,2,300,126,600
907,9/2/2024,6:16:00,145,Female,45,Electronics,1,25,9,25
1291,4/4/2024,11:19:00,72,Male,60,Clothing,2,300,153,600
1907,11/17/2024,11:21:00,115,Female,45,Electronics,1,25,9,25
860,4/11/2024,8:58:00,85,Male,63,Clothing,4,50,16,200
1860,3/12/2024,11:21:00,57,Male,63,Clothing,4,50,18,200
184,2/13/2024,6:44:00,128,Male,31,Electronics,4,50,17,200
734,3/12/2024,8:54:00,77,Female,27,Clothing,1,30,16,30
1184,2/12/2024,8:28:00,23,Male,31,Electronics,4,50,28,200
1734,2/28/2024,8:58:00,72,Female,27,Clothing,1,30,14,30
225,3/5/2024,7:37:00,85,Female,57,Beauty,4,25,13,100
1679,9/23/2024,8:08:00,71,Female,18,Beauty,3,30,15,90
1746,6/13/2024,7:59:00,88,Female,33,Clothing,3,30,11,90
3,6/14/2024,7:08:00,114,Male,50,Electronics,1,30,8,30
464,3/6/2024,11:13:00,24,Male,38,Electronics,2,300,75,600
484,3/13/2024,7:52:00,135,Female,19,Clothing,4,300,75,1200
591,3/21/2024,8:38:00,94,Male,53,Electronics,4,25,7,100
1003,1/26/2024,7:59:00,80,Male,50,Electronics,1,30,16,30
1464,11/13/2024,10:06:00,80,Male,38,Electronics,2,300,126,600
1484,11/23/2024,9:29:00,22,Female,19,Clothing,4,300,147,1200
1591,9/29/2024,11:00:00,62,Male,53,Electronics,4,25,7,100
21,7/11/2024,7:33:00,59,Female,50,Beauty,1,500,275,500
708,4/6/2024,8:38:00,62,Female,43,Beauty,3,300,87,900
713,4/16/2024,11:43:00,39,Male,34,Beauty,3,25,11,75
768,6/27/2024,6:50:00,58,Female,24,Beauty,3,25,11,75
1021,6/11/2024,10:19:00,44,Female,50,Beauty,1,500,155,500
1708,2/8/2024,7:47:00,41,Female,43,Beauty,3,300,162,900
1713,10/3/2024,10:10:00,90,Male,34,Beauty,3,25,11,75
1768,7/31/2024,9:52:00,85,Female,24,Beauty,3,25,9,75
499,4/3/2024,10:52:00,15,Male,46,Beauty,2,30,17,60
697,12/25/2024,7:52:00,152,Male,53,Clothing,1,500,200,500
831,11/30/2024,11:49:00,149,Male,27,Electronics,4,25,14,100
1499,9/23/2024,9:46:00,3,Male,46,Beauty,2,30,12,60
1697,12/18/2024,8:22:00,54,Male,53,Clothing,1,500,265,500
1831,3/26/2024,10:54:00,80,Male,27,Electronics,4,25,7,100
15,7/1/2024,11:50:00,75,Female,42,Electronics,4,500,210,2000
743,8/7/2024,7:54:00,55,Female,34,Beauty,4,500,260,2000
1015,3/9/2024,11:53:00,94,Female,42,Electronics,4,500,200,2000
1743,10/26/2024,9:37:00,47,Female,34,Beauty,4,500,250,2000
14,5/18/2024,7:11:00,8,Male,64,Clothing,4,30,13,120
103,11/12/2024,10:05:00,33,Female,59,Clothing,1,25,11,25
238,5/10/2024,11:52:00,20,Female,39,Beauty,1,500,150,500
986,8/1/2024,9:35:00,65,Female,49,Clothing,2,500,200,1000
1014,2/4/2024,10:26:00,147,Male,64,Clothing,4,30,11,120
1103,2/14/2024,7:11:00,61,Female,59,Clothing,1,25,7,25
1238,9/17/2024,7:38:00,129,Female,39,Beauty,1,500,165,500
1986,9/14/2024,8:28:00,29,Female,49,Clothing,2,500,145,1000
438,8/31/2024,10:15:00,88,Female,42,Clothing,1,30,16,30
1438,1/7/2024,10:00:00,72,Female,42,Clothing,1,30,14,30
475,8/12/2024,10:39:00,78,Male,26,Clothing,3,25,9,75
505,12/17/2024,7:25:00,86,Male,24,Beauty,1,50,20,50
1475,10/4/2024,7:03:00,132,Male,26,Clothing,3,25,11,75
1505,10/30/2024,8:00:00,98,Male,24,Beauty,1,50,15,50
344,7/17/2024,9:47:00,69,Female,42,Beauty,1,30,8,30
448,3/19/2024,9:36:00,86,Female,54,Beauty,2,30,16,60
742,3/19/2024,6:08:00,37,Female,38,Electronics,4,500,195,2000
1344,12/18/2024,6:12:00,144,Female,42,Beauty,1,30,11,30
1448,5/16/2024,6:28:00,51,Female,54,Beauty,2,30,9,60
1742,11/22/2024,8:25:00,18,Female,38,Electronics,4,500,220,2000
445,4/14/2024,10:48:00,132,Female,53,Electronics,1,300,138,300
787,6/10/2024,10:42:00,25,Male,41,Electronics,1,25,14,25
1445,4/19/2024,6:16:00,31,Female,53,Electronics,1,300,129,300
1787,5/30/2024,7:42:00,104,Male,41,Electronics,1,25,10,25
49,9/17/2024,10:33:00,37,Female,54,Electronics,2,500,255,1000
420,1/2/2024,10:53:00,28,Female,22,Clothing,4,500,200,2000
519,4/8/2024,10:17:00,52,Female,36,Electronics,4,30,17,120
1049,5/16/2024,6:36:00,143,Female,54,Electronics,2,500,125,1000
1420,4/15/2024,7:01:00,138,Female,22,Clothing,4,500,205,2000
1519,1/8/2024,7:35:00,139,Female,36,Electronics,4,30,9,120
64,11/15/2024,6:34:00,7,Male,49,Clothing,4,25,9,100
592,12/26/2024,9:15:00,77,Female,46,Beauty,4,500,275,2000
912,10/31/2024,6:18:00,122,Male,51,Beauty,3,50,21,150
1064,4/14/2024,10:38:00,49,Male,49,Clothing,4,25,14,100
1592,3/16/2024,9:08:00,81,Female,46,Beauty,4,500,155,2000
1912,5/27/2024,7:40:00,146,Male,51,Beauty,3,50,22,150
134,8/25/2024,9:03:00,132,Male,49,Electronics,1,50,16,50
1134,8/5/2024,9:04:00,106,Male,49,Electronics,1,50,24,50
288,5/2/2024,9:59:00,27,Male,28,Clothing,4,30,12,120
323,1/21/2024,8:22:00,97,Female,29,Beauty,3,300,150,900
618,10/13/2024,10:22:00,5,Female,27,Beauty,1,50,26,50
720,4/8/2024,8:50:00,116,Female,56,Beauty,3,500,235,1500
1288,4/5/2024,11:56:00,26,Male,28,Clothing,4,30,9,120
1323,8/15/2024,10:49:00,136,Female,29,Beauty,3,300,114,900
1618,9/15/2024,6:27:00,118,Female,27,Beauty,1,50,14,50
1720,10/10/2024,8:51:00,28,Female,56,Beauty,3,500,190,1500
415,1/5/2024,9:59:00,85,Male,53,Clothing,2,30,8,60
736,12/18/2024,8:30:00,97,Male,29,Clothing,4,25,10,100
929,3/11/2024,10:18:00,40,Female,23,Beauty,3,25,11,75
1415,3/6/2024,7:11:00,146,Male,53,Clothing,2,30,15,60
1736,8/28/2024,8:57:00,87,Male,29,Clothing,4,25,10,100
1929,9/15/2024,6:50:00,62,Female,23,Beauty,3,25,13,75
264,12/26/2024,11:03:00,111,Male,47,Clothing,3,300,150,900
913,10/12/2024,10:52:00,78,Male,29,Electronics,3,30,17,90
940,1/5/2024,8:11:00,46,Female,20,Electronics,1,30,10,30
1264,5/27/2024,9:23:00,82,Male,47,Clothing,3,300,123,900
1913,6/23/2024,7:10:00,101,Male,29,Electronics,3,30,14,90
1940,6/15/2024,9:47:00,56,Female,20,Electronics,1,30,11,30
101,1/8/2024,8:46:00,24,Male,32,Clothing,2,300,135,600
1101,5/17/2024,7:47:00,15,Male,32,Clothing,2,300,132,600
189,1/2/2024,9:44:00,143,Male,63,Beauty,1,50,15,50
317,5/4/2024,7:54:00,117,Male,22,Electronics,3,30,12,90
322,10/19/2024,6:11:00,13,Male,51,Electronics,1,500,125,500
329,10/27/2024,7:42:00,52,Female,46,Electronics,4,25,8,100
1189,12/7/2024,6:08:00,104,Male,63,Beauty,1,50,21,50
1317,8/25/2024,8:02:00,144,Male,22,Electronics,3,30,12,90
1322,11/14/2024,9:56:00,10,Male,51,Electronics,1,500,250,500
1329,1/27/2024,10:39:00,119,Female,46,Electronics,4,25,9,100
235,3/10/2024,10:13:00,132,Female,23,Electronics,2,500,275,1000
300,1/8/2024,9:41:00,138,Female,19,Electronics,4,50,27,200
964,8/26/2024,8:18:00,15,Male,24,Clothing,3,300,156,900
1235,4/4/2024,6:44:00,87,Female,23,Electronics,2,500,220,1000
1300,8/8/2024,8:57:00,7,Female,19,Electronics,4,50,24,200
1964,8/2/2024,8:27:00,115,Male,24,Clothing,3,300,111,900
269,9/19/2024,11:31:00,87,Male,25,Clothing,4,500,250,2000
320,4/20/2024,8:35:00,57,Female,28,Electronics,4,300,159,1200
673,7/4/2024,10:14:00,18,Female,43,Clothing,3,500,270,1500
1269,1/1/2024,8:09:00,71,Male,25,Clothing,4,500,145,2000
1320,11/2/2024,11:55:00,102,Female,28,Electronics,4,300,84,1200
1673,6/14/2024,7:36:00,42,Female,43,Clothing,3,500,185,1500
142,4/8/2024,10:05:00,61,Male,35,Electronics,4,300,138,1200
223,1/15/2024,11:18:00,61,Female,64,Clothing,1,25,12,25
666,3/3/2024,10:59:00,49,Male,51,Electronics,3,50,16,150
1142,11/9/2024,9:49:00,2,Male,35,Electronics,4,300,114,1200
1223,2/20/2024,7:40:00,106,Female,64,Clothing,1,25,10,25
1666,12/8/2024,10:10:00,125,Male,51,Electronics,3,50,21,150
107,10/6/2024,9:18:00,75,Female,21,Clothing,4,300,78,1200
933,9/19/2024,7:53:00,81,Male,22,Beauty,1,30,13,30
1107,12/31/2024,11:14:00,62,Female,21,Clothing,4,300,102,1200
1933,1/12/2024,11:04:00,121,Male,22,Beauty,1,30,14,30
237,4/11/2024,8:54:00,105,Female,50,Beauty,2,500,165,1000
335,2/2/2024,9:23:00,2,Female,47,Beauty,4,30,11,120
1237,2/23/2024,9:20:00,48,Female,50,Beauty,2,500,215,1000
1335,5/27/2024,8:45:00,117,Female,47,Beauty,4,30,9,120
63,2/3/2024,11:49:00,127,Male,57,Electronics,2,25,6,50
195,8/14/2024,11:51:00,10,Male,52,Clothing,1,30,9,30
333,10/6/2024,8:15:00,21,Female,54,Electronics,4,300,99,1200
379,6/1/2024,7:28:00,76,Female,47,Clothing,1,25,9,25
490,1/27/2024,6:07:00,43,Male,34,Clothing,3,50,19,150
530,5/1/2024,7:52:00,8,Female,18,Electronics,4,30,9,120
740,12/1/2024,6:58:00,33,Female,25,Beauty,4,50,13,200
793,5/27/2024,10:53:00,1,Male,54,Beauty,1,30,15,30
1063,8/4/2024,10:26:00,56,Male,57,Electronics,2,25,11,50
1195,9/21/2024,7:07:00,55,Male,52,Clothing,1,30,12,30
1333,11/1/2024,11:38:00,151,Female,54,Electronics,4,300,165,1200
1379,1/2/2024,6:23:00,69,Female,47,Clothing,1,25,7,25
1490,10/26/2024,7:15:00,155,Male,34,Clothing,3,50,17,150
1530,12/10/2024,8:17:00,93,Female,18,Electronics,4,30,12,120
1740,7/16/2024,6:01:00,66,Female,25,Beauty,4,50,27,200
1793,12/11/2024,6:05:00,88,Male,54,Beauty,1,30,11,30
85,9/3/2024,8:05:00,68,Male,31,Clothing,3,50,19,150
232,8/12/2024,7:14:00,150,Female,43,Beauty,1,25,13,25
240,11/5/2024,11:49:00,95,Female,23,Beauty,1,300,123,300
993,9/7/2024,9:21:00,134,Female,48,Electronics,3,50,17,150
1085,8/12/2024,9:29:00,76,Male,31,Clothing,3,50,17,150
1232,5/23/2024,8:05:00,146,Female,43,Beauty,1,25,6,25
1240,8/7/2024,7:42:00,144,Female,23,Beauty,1,300,90,300
1993,12/29/2024,11:53:00,123,Female,48,Electronics,3,50,27,150
366,10/29/2024,9:32:00,116,Male,57,Clothing,2,50,18,100
372,6/19/2024,11:45:00,27,Female,24,Beauty,3,500,140,1500
596,2/12/2024,8:44:00,87,Female,64,Electronics,1,300,93,300
936,1/5/2024,10:51:00,143,Male,57,Beauty,4,50,20,200
1366,1/1/2024,11:34:00,25,Male,57,Clothing,2,50,24,100
1372,3/18/2024,10:53:00,60,Female,24,Beauty,3,500,145,1500
1596,3/28/2024,6:22:00,7,Female,64,Electronics,1,300,141,300
1936,6/19/2024,11:32:00,60,Male,57,Beauty,4,50,13,200
284,11/12/2024,9:17:00,129,Male,43,Clothing,4,50,21,200
434,10/26/2024,6:09:00,50,Female,43,Electronics,2,25,8,50
775,5/6/2024,11:07:00,98,Female,46,Electronics,4,25,10,100
977,7/26/2024,8:35:00,46,Female,35,Electronics,3,25,14,75
1284,12/16/2024,11:43:00,145,Male,43,Clothing,4,50,18,200
1434,2/4/2024,10:02:00,147,Female,43,Electronics,2,25,7,50
1775,12/18/2024,8:04:00,78,Female,46,Electronics,4,25,14,100
1977,8/5/2024,10:46:00,63,Female,35,Electronics,3,25,12,75
649,6/21/2024,8:17:00,44,Female,58,Clothing,2,300,135,600
1649,10/21/2024,7:44:00,72,Female,58,Clothing,2,300,75,600
54,10/20/2024,10:17:00,142,Female,38,Electronics,3,500,200,1500
68,12/15/2024,9:06:00,146,Male,25,Electronics,1,300,84,300
192,11/8/2024,8:05:00,134,Male,62,Beauty,2,50,13,100
1054,1/10/2024,9:24:00,49,Female,38,Electronics,3,500,140,1500
1068,9/14/2024,10:11:00,136,Male,25,Electronics,1,300,111,300
1192,3/29/2024,8:41:00,37,Male,62,Beauty,2,50,21,100
331,8/16/2024,8:33:00,28,Male,28,Electronics,3,30,10,90
346,9/5/2024,6:54:00,38,Male,59,Clothing,2,500,215,1000
657,1/29/2024,8:53:00,46,Male,40,Clothing,1,25,8,25
732,10/13/2024,8:45:00,136,Male,61,Electronics,2,500,250,1000
972,8/16/2024,11:42:00,139,Male,49,Beauty,4,25,7,100
1331,5/15/2024,9:29:00,36,Male,28,Electronics,3,30,14,90
1346,4/10/2024,10:01:00,112,Male,59,Clothing,2,500,130,1000
1657,8/9/2024,10:05:00,61,Male,40,Clothing,1,25,8,25
1732,2/25/2024,7:05:00,55,Male,61,Electronics,2,500,215,1000
1972,12/21/2024,6:39:00,5,Male,49,Beauty,4,25,9,100
714,10/29/2024,8:50:00,20,Female,18,Clothing,1,500,190,500
1714,11/23/2024,6:07:00,111,Female,18,Clothing,1,500,245,500
193,3/27/2024,10:40:00,55,Male,35,Beauty,3,500,180,1500
577,4/21/2024,11:55:00,45,Male,21,Beauty,4,500,215,2000
848,1/24/2024,10:46:00,15,Female,63,Clothing,3,25,10,75
945,10/1/2024,10:01:00,120,Male,30,Beauty,1,25,13,25
1193,5/11/2024,11:31:00,50,Male,35,Beauty,3,500,145,1500
1577,9/11/2024,6:22:00,145,Male,21,Beauty,4,500,160,2000
1848,12/27/2024,10:16:00,63,Female,63,Clothing,3,25,13,75
1945,4/19/2024,9:55:00,33,Male,30,Beauty,1,25,11,25
11,2/27/2024,10:30:00,151,Male,23,Clothing,2,50,24,100
821,11/23/2024,11:27:00,40,Male,49,Electronics,1,300,129,300
1011,4/1/2024,6:48:00,15,Male,23,Clothing,2,50,19,100
1821,10/3/2024,7:17:00,42,Male,49,Electronics,1,300,108,300
133,6/23/2024,9:01:00,70,Male,20,Electronics,3,300,87,900
1133,3/5/2024,6:42:00,58,Male,20,Electronics,3,300,159,900
16,6/25/2024,10:33:00,82,Male,19,Clothing,3,500,180,1500
42,12/8/2024,8:29:00,63,Male,22,Clothing,3,300,147,900
292,10/10/2024,6:33:00,111,Male,20,Beauty,4,300,141,1200
416,8/21/2024,9:29:00,55,Male,53,Electronics,4,500,245,2000
584,12/31/2024,10:21:00,106,Female,27,Beauty,4,50,17,200
861,9/30/2024,8:57:00,22,Female,41,Clothing,3,30,10,90
1016,12/12/2024,7:39:00,52,Male,19,Clothing,3,500,200,1500
1042,2/11/2024,6:21:00,7,Male,22,Clothing,3,300,150,900
1292,5/15/2024,8:20:00,88,Male,20,Beauty,4,300,90,1200
1416,12/29/2024,10:47:00,111,Male,53,Electronics,4,500,125,2000
1584,9/3/2024,11:07:00,62,Female,27,Beauty,4,50,17,200
1861,7/4/2024,10:41:00,145,Female,41,Clothing,3,30,10,90
256,1/9/2024,8:05:00,3,Male,23,Clothing,2,500,270,1000
1256,11/5/2024,9:58:00,29,Male,23,Clothing,2,500,190,1000
44,3/3/2024,11:07:00,93,Female,22,Clothing,1,25,12,25
257,12/10/2024,8:49:00,130,Male,19,Beauty,4,500,165,2000
1044,2/20/2024,9:08:00,70,Female,22,Clothing,1,25,8,25
1257,5/10/2024,11:55:00,29,Male,19,Beauty,4,500,255,2000
268,4/14/2024,8:26:00,93,Female,28,Electronics,1,30,9,30
287,8/26/2024,11:07:00,88,Male,54,Clothing,4,25,10,100
966,11/7/2024,7:22:00,119,Male,60,Electronics,2,500,190,1000
1268,6/9/2024,9:33:00,15,Female,28,Electronics,1,30,14,30
1287,9/13/2024,8:03:00,120,Male,54,Clothing,4,25,7,100
1966,7/20/2024,9:52:00,74,Male,60,Electronics,2,500,200,1000
70,12/27/2024,10:48:00,147,Female,43,Clothing,1,300,84,300
371,12/18/2024,10:01:00,32,Female,20,Beauty,1,25,13,25
900,11/10/2024,8:41:00,130,Male,21,Clothing,2,30,16,60
1070,7/14/2024,11:12:00,102,Female,43,Clothing,1,300,120,300
1371,5/6/2024,6:52:00,41,Female,20,Beauty,1,25,14,25
1900,1/21/2024,6:43:00,65,Male,21,Clothing,2,30,11,60
8,12/27/2024,11:19:00,148,Male,30,Electronics,4,25,11,100
41,10/11/2024,10:36:00,88,Male,34,Clothing,2,25,13,50
454,3/12/2024,7:20:00,13,Female,46,Beauty,1,25,13,25
780,7/6/2024,11:30:00,107,Male,52,Electronics,2,25,13,50
920,8/20/2024,10:25:00,99,Female,28,Beauty,3,25,7,75
1008,1/10/2024,8:51:00,116,Male,30,Electronics,4,25,13,100
1041,5/10/2024,7:27:00,74,Male,34,Clothing,2,25,11,50
1454,6/25/2024,11:18:00,22,Female,46,Beauty,1,25,7,25
1780,12/11/2024,10:00:00,32,Male,52,Electronics,2,25,11,50
1920,10/24/2024,8:33:00,23,Female,28,Beauty,3,25,9,75
396,12/15/2024,7:11:00,29,Female,55,Beauty,1,30,11,30
1396,6/7/2024,6:23:00,9,Female,55,Beauty,1,30,8,30
168,4/29/2024,9:20:00,138,Male,53,Clothing,1,300,102,300
400,3/8/2024,9:52:00,2,Male,53,Clothing,4,50,24,200
611,7/21/2024,8:13:00,11,Male,51,Beauty,3,500,180,1500
800,9/19/2024,7:33:00,111,Male,32,Clothing,4,300,87,1200
1168,7/10/2024,7:56:00,68,Male,53,Clothing,1,300,150,300
1400,9/12/2024,11:54:00,115,Male,53,Clothing,4,50,20,200
1611,11/17/2024,7:30:00,125,Male,51,Beauty,3,500,180,1500
1800,8/21/2024,10:53:00,1,Male,32,Clothing,4,300,111,1200
272,6/10/2024,11:57:00,112,Female,61,Electronics,2,50,28,100
473,9/25/2024,10:09:00,1,Male,64,Beauty,1,50,15,50
506,4/29/2024,7:13:00,9,Male,34,Beauty,3,500,200,1500
766,1/4/2024,8:02:00,128,Male,38,Electronics,3,300,165,900
1272,4/14/2024,11:59:00,66,Female,61,Electronics,2,50,17,100
1473,3/19/2024,9:06:00,30,Male,64,Beauty,1,50,13,50
1506,1/9/2024,7:31:00,52,Male,34,Beauty,3,500,245,1500
1766,11/22/2024,6:08:00,6,Male,38,Electronics,3,300,129,900
135,4/18/2024,7:22:00,104,Male,20,Clothing,2,25,13,50
1135,1/14/2024,8:16:00,124,Male,20,Clothing,2,25,13,50
2,6/24/2024,10:07:00,104,Female,26,Clothing,2,500,135,1000
158,1/21/2024,11:38:00,141,Female,44,Electronics,2,300,132,600
185,6/27/2024,9:48:00,57,Male,24,Clothing,1,25,7,25
433,7/29/2024,8:48:00,144,Male,29,Beauty,4,50,20,200
1002,3/2/2024,9:24:00,69,Female,26,Clothing,2,500,270,1000
1158,2/24/2024,9:29:00,77,Female,44,Electronics,2,300,138,600
1185,10/4/2024,10:28:00,153,Male,24,Clothing,1,25,10,25
1433,1/16/2024,11:41:00,113,Male,29,Beauty,4,50,16,200
152,6/16/2024,11:58:00,120,Male,43,Electronics,4,500,210,2000
753,7/6/2024,10:07:00,70,Female,32,Clothing,1,30,16,30
763,4/23/2024,9:43:00,58,Male,34,Clothing,2,25,12,50
932,10/8/2024,8:33:00,120,Female,45,Beauty,4,25,8,100
1152,12/26/2024,7:48:00,87,Male,43,Electronics,4,500,170,2000
1753,7/17/2024,7:40:00,28,Female,32,Clothing,1,30,11,30
1763,6/30/2024,11:37:00,93,Male,34,Clothing,2,25,14,50
1932,11/8/2024,7:07:00,96,Female,45,Beauty,4,25,6,100
399,12/7/2024,9:25:00,136,Female,64,Beauty,2,30,13,60
500,10/14/2024,6:11:00,120,Female,60,Beauty,4,25,12,100
514,11/4/2024,8:35:00,139,Female,18,Electronics,1,300,96,300
1399,1/28/2024,9:32:00,15,Female,64,Beauty,2,30,16,60
1500,4/20/2024,8:36:00,53,Female,60,Beauty,4,25,9,100
1514,7/12/2024,10:55:00,59,Female,18,Electronics,1,300,75,300
947,7/31/2024,7:09:00,4,Male,50,Beauty,1,300,129,300
1947,3/5/2024,6:27:00,134,Male,50,Beauty,1,300,75,300
220,5/7/2024,6:44:00,138,Male,64,Beauty,1,500,140,500
339,8/18/2024,10:27:00,33,Female,22,Electronics,2,25,10,50
785,10/19/2024,6:09:00,88,Female,31,Beauty,4,50,13,200
885,9/17/2024,10:10:00,121,Female,52,Clothing,4,30,14,120
888,12/1/2024,6:03:00,63,Female,52,Electronics,4,25,13,100
1220,6/29/2024,11:16:00,47,Male,64,Beauty,1,500,240,500
1339,11/10/2024,10:34:00,132,Female,22,Electronics,2,25,8,50
1785,2/20/2024,11:17:00,144,Female,31,Beauty,4,50,17,200
1885,11/9/2024,7:32:00,148,Female,52,Clothing,4,30,11,120
1888,6/14/2024,8:10:00,49,Female,52,Electronics,4,25,13,100
621,4/13/2024,9:55:00,138,Female,40,Beauty,2,500,275,1000
1621,9/22/2024,10:49:00,2,Female,40,Beauty,2,500,160,1000
52,9/19/2024,9:42:00,55,Female,36,Beauty,1,300,111,300
536,8/20/2024,6:25:00,17,Female,55,Beauty,4,30,9,120
1052,2/12/2024,6:12:00,94,Female,36,Beauty,1,300,120,300
1536,5/11/2024,7:23:00,14,Female,55,Beauty,4,30,14,120
197,4/3/2024,11:57:00,14,Female,42,Clothing,4,50,26,200
750,11/13/2024,7:33:00,69,Female,35,Clothing,3,25,9,75
910,8/21/2024,6:29:00,138,Female,20,Beauty,3,50,23,150
917,2/15/2024,11:50:00,120,Female,57,Electronics,4,50,17,200
1197,8/13/2024,10:07:00,77,Female,42,Clothing,4,50,19,200
1750,1/20/2024,10:10:00,138,Female,35,Clothing,3,25,7,75
1910,10/9/2024,6:22:00,141,Female,20,Beauty,3,50,18,150
1917,5/2/2024,7:17:00,52,Female,57,Electronics,4,50,24,200
198,5/21/2024,11:42:00,30,Female,54,Beauty,3,300,114,900
444,10/6/2024,7:06:00,51,Female,61,Clothing,3,30,16,90
547,11/14/2024,7:36:00,3,Male,63,Clothing,4,500,250,2000
705,9/30/2024,7:28:00,37,Male,60,Electronics,2,25,6,50
1198,8/7/2024,10:43:00,147,Female,54,Beauty,3,300,159,900
1444,4/29/2024,6:18:00,135,Female,61,Clothing,3,30,14,90
1547,8/11/2024,6:39:00,142,Male,63,Clothing,4,500,235,2000
1705,8/14/2024,8:32:00,94,Male,60,Electronics,2,25,9,50
423,7/18/2024,6:06:00,41,Female,27,Clothing,1,25,12,25
1423,6/15/2024,7:56:00,131,Female,27,Clothing,1,25,11,25
248,7/2/2024,7:11:00,5,Male,26,Clothing,3,300,126,900
360,9/9/2024,9:04:00,26,Male,42,Clothing,4,25,11,100
377,9/13/2024,8:30:00,141,Female,46,Clothing,4,50,18,200
1248,9/8/2024,8:20:00,68,Male,26,Clothing,3,300,111,900
1360,6/18/2024,9:31:00,93,Male,42,Clothing,4,25,6,100
1377,3/21/2024,7:52:00,71,Female,46,Clothing,4,50,14,200
397,10/26/2025,8:06:00,59,Female,30,Bea,1,25,11,25
623,11/15/2025,10:00:00,39,Male,34,Clothing,3,50,26,150
1397,1/1/2025,11:05:00,6,Female,30,Beauty,1,25,12,25
1623,3/5/2025,6:14:00,76,Male,34,Clothing,3,50,22,150
717,11/30/2025,8:15:00,8,Male,57,Clothing,1,500,190,500
1717,1/12/2025,9:40:00,21,Male,57,Clothing,1,500,175,500
130,6/19/2025,6:21:00,114,Female,57,Clothing,1,500,125,500
658,10/30/2025,7:47:00,93,Male,59,Clothing,1,25,7,25
1130,2/20/2025,9:03:00,28,Female,57,Clothing,1,500,180,500
1658,4/10/2025,6:08:00,148,Male,59,Clothing,1,25,12,25
7,7/6/2025,6:24:00,38,Male,46,Clothing,2,25,13,50
119,9/1/2025,9:11:00,127,Female,60,Clothing,3,50,28,150
278,12/22/2024,11:42:00,71,Female,37,Clothing,4,25,14,100
1007,6/9/2025,10:09:00,15,Male,46,Clothing,2,25,12,50
1119,11/19/2025,9:36:00,1,Female,60,Clothing,3,50,26,150
1278,7/19/2025,6:19:00,28,Female,37,Clothing,4,25,7,100
117,8/4/2025,11:38:00,8,Male,19,Electronics,2,500,230,1000
1117,9/11/2025,7:48:00,144,Male,19,Electronics,2,500,210,1000
442,6/30/2025,11:07:00,24,Female,60,Clothing,4,25,13,100
590,5/4/2025,11:52:00,151,Male,36,Clothing,3,300,135,900
607,5/5/2025,9:33:00,109,Male,54,Clothing,3,25,13,75
1442,2/16/2025,11:02:00,96,Female,60,Clothing,4,25,11,100
1590,8/10/2025,9:39:00,142,Male,36,Clothing,3,300,147,900
1607,1/16/2025,10:18:00,53,Male,54,Clothing,3,25,8,75
436,10/22/2025,11:54:00,21,Female,57,Clothing,4,30,14,120
942,12/1/2025,9:22:00,35,Male,51,Clothing,3,500,160,1500
1436,1/20/2025,11:29:00,1,Female,57,Clothing,4,30,10,120
1942,9/16/2025,11:53:00,112,Male,51,Clothing,3,500,265,1500
659,6/9/2025,6:08:00,75,Female,39,Electronics,1,30,8,30
941,4/28/2025,9:58:00,39,Female,57,Clothing,2,25,7,50
1659,7/27/2025,9:29:00,22,Female,39,Electronics,1,30,9,30
1941,1/6/2025,6:14:00,48,Female,57,Clothing,2,25,12,50
136,12/26/2024,8:59:00,25,Male,44,Electronics,2,300,141,600
175,1/25/2025,10:02:00,23,Female,31,Electronics,4,25,13,100
663,8/16/2025,6:32:00,133,Male,23,Clothing,4,300,87,1200
748,3/1/2025,9:35:00,132,Male,25,Clothing,3,50,24,150
806,1/22/2025,8:08:00,14,Female,35,Beauty,3,300,165,900
1136,7/2/2025,8:41:00,93,Male,44,Electronics,2,300,81,600
1175,6/2/2025,6:38:00,103,Female,31,Electronics,4,25,12,100
1663,12/7/2025,7:04:00,33,Male,23,Clothing,4,300,81,1200
1748,3/2/2025,10:24:00,119,Male,25,Clothing,3,50,16,150
1806,6/14/2025,10:13:00,61,Female,35,Beauty,3,300,102,900
38,2/25/2025,11:39:00,147,Male,38,Beauty,4,50,26,200
313,12/16/2024,10:03:00,11,Female,55,Beauty,3,500,140,1500
402,7/12/2025,8:45:00,63,Female,41,Clothing,2,300,135,600
459,5/23/2025,7:12:00,122,Male,28,Clothing,4,300,75,1200
1038,12/30/2024,9:09:00,11,Male,38,Beauty,4,50,21,200
1313,6/4/2025,9:22:00,10,Female,55,Beauty,3,500,170,1500
1402,6/24/2025,6:47:00,110,Female,41,Clothing,2,300,156,600
1459,11/10/2025,6:46:00,13,Male,28,Clothing,4,300,144,1200
161,7/1/2025,6:58:00,104,Male,64,Beauty,2,500,195,1000
328,10/29/2025,6:56:00,9,Male,39,Beauty,2,50,27,100
383,3/24/2025,8:53:00,64,Female,46,Beauty,3,30,8,90
973,9/3/2025,8:44:00,51,Male,60,Clothing,1,50,13,50
978,7/27/2025,9:58:00,16,Female,53,Clothing,3,50,19,150
1161,6/29/2025,11:06:00,30,Male,64,Beauty,2,500,160,1000
1328,12/10/2025,7:49:00,60,Male,39,Beauty,2,50,25,100
1383,9/6/2025,9:13:00,68,Female,46,Beauty,3,30,14,90
1973,8/19/2025,10:10:00,22,Male,60,Clothing,1,50,22,50
1978,8/31/2025,11:59:00,41,Female,53,Clothing,3,50,16,150
33,12/24/2024,7:40:00,33,Female,50,Electronics,2,50,21,100
138,4/27/2025,10:56:00,127,Male,49,Clothing,4,50,27,200
471,3/8/2025,10:21:00,136,Male,32,Clothing,3,50,13,150
636,5/9/2025,6:15:00,60,Female,21,Beauty,3,500,230,1500
1033,4/12/2025,6:52:00,32,Female,50,Electronics,2,50,19,100
1138,10/16/2025,11:59:00,27,Male,49,Clothing,4,50,15,200
1471,6/25/2025,10:34:00,30,Male,32,Clothing,3,50,13,150
1636,7/22/2025,11:26:00,50,Female,21,Beauty,3,500,150,1500
177,3/24/2025,8:40:00,30,Male,45,Beauty,2,50,27,100
426,12/13/2025,8:11:00,137,Male,23,Electronics,3,50,13,150
1177,2/20/2025,9:19:00,89,Male,45,Beauty,2,50,15,100
1426,12/12/2025,11:32:00,114,Male,23,Electronics,3,50,25,150
76,9/9/2025,7:33:00,70,Female,22,Electronics,2,50,15,100
91,4/14/2025,6:31:00,152,Female,55,Electronics,1,500,235,500
461,7/18/2025,10:33:00,21,Female,18,Beauty,2,500,265,1000
764,11/7/2025,8:46:00,47,Female,40,Clothing,1,25,11,25
1076,7/14/2025,11:09:00,99,Female,22,Electronics,2,50,15,100
1091,7/15/2025,8:46:00,139,Female,55,Electronics,1,500,235,500
1461,5/1/2025,8:43:00,63,Female,18,Beauty,2,500,180,1000
1764,11/2/2025,11:04:00,13,Female,40,Clothing,1,25,12,25
202,1/25/2025,6:24:00,61,Female,34,Clothing,4,300,120,1200
301,7/30/2025,10:58:00,104,Male,30,Clothing,4,30,10,120
703,7/31/2025,9:56:00,140,Male,34,Electronics,2,50,19,100
1202,11/13/2025,6:56:00,89,Female,34,Clothing,4,300,144,1200
1301,9/24/2025,9:58:00,70,Male,30,Clothing,4,30,11,120
1703,6/10/2025,8:36:00,2,Male,34,Electronics,2,50,17,100
294,10/9/2025,9:24:00,89,Female,23,Clothing,3,30,15,90
760,6/26/2025,7:59:00,14,Male,27,Beauty,1,500,125,500
1294,1/24/2025,11:24:00,8,Female,23,Clothing,3,30,11,90
1760,8/23/2025,7:26:00,44,Male,27,Beauty,1,500,230,500
575,12/12/2025,10:29:00,14,Male,60,Clothing,2,50,23,100
1575,7/28/2025,11:54:00,26,Male,60,Clothing,2,50,23,100
88,2/16/2025,8:31:00,122,Male,56,Clothing,1,500,185,500
1088,9/14/2025,7:00:00,6,Male,56,Clothing,1,500,155,500
975,1/9/2025,7:41:00,145,Female,56,Clothing,4,50,20,200
1975,8/21/2025,10:48:00,63,Female,56,Clothing,4,50,26,200
553,3/20/2025,6:17:00,106,Male,24,Clothing,4,300,81,1200
1553,1/29/2025,8:46:00,42,Male,24,Clothing,4,300,99,1200
462,8/26/2025,10:04:00,71,Male,63,Electronics,4,300,132,1200
614,2/13/2025,6:28:00,61,Female,39,Beauty,4,300,120,1200
808,11/22/2025,7:18:00,30,Male,33,Beauty,4,500,195,2000
1462,11/13/2025,10:42:00,124,Male,63,Electronics,4,300,114,1200
1614,8/23/2025,11:37:00,135,Female,39,Beauty,4,300,105,1200
1808,2/12/2025,10:48:00,109,Male,33,Beauty,4,500,210,2000
166,1/28/2025,11:42:00,32,Male,34,Clothing,4,500,225,2000
465,2/22/2025,11:52:00,40,Female,43,Electronics,3,50,16,150
502,7/22/2025,11:00:00,31,Male,43,Electronics,3,50,23,150
905,10/1/2025,6:27:00,96,Male,58,Beauty,1,300,111,300
1166,7/19/2025,7:45:00,65,Male,34,Clothing,4,500,245,2000
1465,4/17/2025,9:36:00,131,Female,43,Electronics,3,50,26,150
1502,4/8/2025,8:30:00,152,Male,43,Electronics,3,50,18,150
1905,8/29/2025,6:07:00,26,Male,58,Beauty,1,300,102,300
280,11/17/2025,9:35:00,76,Female,37,Clothing,3,500,240,1500
719,7/2/2025,7:19:00,37,Female,42,Clothing,2,30,12,60
834,11/26/2025,6:55:00,13,Female,56,Beauty,2,30,15,60
1280,8/24/2025,9:15:00,116,Female,37,Clothing,3,500,255,1500
1719,12/28/2024,7:29:00,4,Female,42,Clothing,2,30,11,60
1834,4/14/2025,6:53:00,102,Female,56,Beauty,2,30,13,60
891,1/9/2025,6:43:00,24,Male,41,Electronics,3,300,99,900
928,11/5/2025,10:20:00,54,Female,35,Clothing,4,300,90,1200
1891,12/22/2024,6:11:00,81,Male,41,Electronics,3,300,105,900
1928,7/29/2025,6:39:00,93,Female,35,Clothing,4,300,75,1200
332,4/24/2025,11:28:00,138,Male,58,Electronics,4,300,105,1200
1332,12/4/2025,10:02:00,146,Male,58,Electronics,4,300,123,1200
255,10/15/2025,11:44:00,19,Male,48,Clothing,1,30,15,30
275,3/5/2025,11:34:00,2,Male,43,Clothing,2,500,260,1000
314,10/15/2025,7:37:00,1,Male,52,Clothing,4,30,8,120
517,8/20/2025,8:54:00,3,Female,47,Clothing,4,25,9,100
847,1/10/2025,8:42:00,2,Female,18,Electronics,4,300,162,1200
1255,1/20/2025,7:08:00,4,Male,48,Clothing,1,30,8,30
1275,3/2/2025,8:48:00,5,Male,43,Clothing,2,500,250,1000
1314,5/23/2025,10:26:00,2,Male,52,Clothing,4,30,16,120
1517,2/21/2025,8:46:00,2,Female,47,Clothing,4,25,7,100
1847,7/28/2025,7:14:00,5,Female,18,Electronics,4,300,123,1200
61,7/7/2025,11:47:00,4,Male,21,Beauty,4,50,20,200
274,4/14/2025,7:12:00,4,Female,23,Clothing,2,500,150,1000
486,12/2/2025,9:47:00,4,Female,35,Electronics,1,25,7,25
548,4/14/2025,7:00:00,4,Female,51,Clothing,2,30,16,60
886,12/11/2025,11:25:00,4,Male,37,Electronics,3,300,165,900
892,9/13/2025,11:39:00,1,Male,20,Electronics,1,50,24,50
1061,9/18/2025,7:56:00,3,Male,21,Beauty,4,50,13,200
1274,10/6/2025,9:01:00,2,Female,23,Clothing,2,500,185,1000
1486,11/22/2025,8:58:00,4,Female,35,Electronics,1,25,9,25
1548,1/13/2025,8:15:00,1,Female,51,Clothing,2,30,13,60
1886,7/26/2025,11:51:00,1,Male,37,Electronics,3,300,147,900
1892,10/1/2025,7:22:00,3,Male,20,Electronics,1,50,24,50
601,6/5/2025,9:23:00,5,Male,19,Clothing,1,30,13,30
901,8/2/2025,6:38:00,2,Male,31,Electronics,1,30,12,30
1601,9/14/2025,11:48:00,1,Male,19,Clothing,1,30,14,30
1901,11/29/2025,11:05:00,4,Male,31,Electronics,1,30,8,30
527,4/21/2025,11:35:00,1,Male,57,Clothing,2,25,12,50
1527,9/29/2025,8:30:00,1,Male,57,Clothing,2,25,12,50
23,9/28/2025,7:05:00,4,Female,35,Clothing,4,30,15,120
174,11/15/2025,6:07:00,2,Female,39,Beauty,1,300,126,300
589,7/8/2025,7:11:00,5,Female,36,Beauty,2,500,145,1000
774,11/6/2025,9:04:00,2,Female,40,Clothing,2,25,7,50
1000,4/1/2025,10:22:00,1,Male,47,Electronics,4,30,8,120
1023,5/23/2025,8:40:00,5,Female,35,Clothing,4,30,8,120
1174,5/17/2025,6:55:00,2,Female,39,Beauty,1,300,132,300
1589,7/1/2025,6:30:00,5,Female,36,Beauty,2,500,145,1000
1774,3/9/2025,6:48:00,2,Female,40,Clothing,2,25,8,50
2000,3/31/2025,6:38:00,4,Male,47,Electronics,4,30,11,120
210,10/7/2025,8:50:00,2,Male,37,Electronics,4,50,19,200
478,7/24/2025,11:13:00,3,Female,58,Clothing,2,30,8,60
745,8/14/2025,7:30:00,3,Male,54,Beauty,2,50,17,100
1210,3/10/2025,10:02:00,5,Male,37,Electronics,4,50,13,200
1478,8/31/2025,9:18:00,1,Female,58,Clothing,2,30,14,60
1745,9/28/2025,10:38:00,4,Male,54,Beauty,2,50,21,100
354,12/16/2024,7:58:00,5,Female,49,Beauty,4,50,25,200
408,12/22/2024,8:18:00,4,Female,64,Beauty,1,500,140,500
1354,9/17/2025,9:34:00,5,Female,49,Beauty,4,50,27,200
1408,8/28/2025,8:17:00,2,Female,64,Beauty,1,500,250,500
674,3/30/2025,11:10:00,2,Female,38,Clothing,1,300,84,300
1674,11/22/2025,9:21:00,1,Female,38,Clothing,1,300,123,300
967,8/4/2025,10:13:00,4,Male,62,Bea,1,25,13,25
1967,2/23/2025,8:28:00,4,Male,62,Beauty,1,25,12,25
79,4/13/2025,10:15:00,1,Male,34,Beauty,1,300,96,300
406,4/1/2025,11:50:00,3,Female,22,Beauty,4,25,11,100
450,12/1/2025,6:35:00,2,Female,59,Beauty,2,25,11,50
562,11/9/2025,9:26:00,3,Male,54,Electronics,2,25,7,50
1079,8/21/2025,6:45:00,1,Male,34,Beauty,1,300,117,300
1406,6/22/2025,8:45:00,2,Female,22,Beauty,4,25,10,100
1450,7/16/2025,8:52:00,1,Female,59,Beauty,2,25,10,50
1562,11/26/2025,10:21:00,5,Male,54,Electronics,2,25,13,50
108,1/24/2025,9:38:00,5,Female,27,Beauty,3,25,14,75
111,4/15/2025,9:45:00,5,Female,34,Electronics,3,500,130,1500
207,8/6/2025,8:34:00,3,Female,42,Beauty,2,25,10,50
724,6/14/2025,6:56:00,3,Male,61,Clothing,3,50,20,150
836,6/21/2025,6:32:00,2,Female,22,Clothing,1,50,28,50
969,11/27/2025,11:47:00,2,Female,40,Clothing,3,300,84,900
1108,7/8/2025,10:27:00,1,Female,27,Beauty,3,25,10,75
1111,4/30/2025,21:34:00,2,Female,34,Electronics,3,500,185,1500
1207,6/30/2025,21:48:00,3,Female,42,Beauty,2,25,10,50
1724,9/15/2025,20:53:00,4,Male,61,Clothing,3,50,17,150
1836,2/13/2025,17:19:00,3,Female,22,Clothing,1,50,24,50
1969,3/5/2025,19:34:00,4,Female,40,Clothing,3,300,126,900
246,12/7/2025,20:05:00,4,Female,48,Electronics,2,25,13,50
298,10/5/2025,19:05:00,3,Male,27,Beauty,4,300,84,1200
374,10/27/2025,17:45:00,4,Female,59,Beauty,3,25,8,75
572,12/13/2025,18:33:00,5,Male,31,Clothing,4,500,185,2000
665,10/3/2025,22:49:00,1,Male,57,Clothing,1,50,19,50
1246,4/26/2025,22:54:00,3,Female,48,Electronics,2,25,12,50
1298,5/2/2025,19:51:00,1,Male,27,Beauty,4,300,120,1200
1374,3/23/2025,22:03:00,3,Female,59,Beauty,3,25,8,75
1572,6/18/2025,22:20:00,1,Male,31,Clothing,4,500,175,2000
1665,11/1/2025,19:38:00,4,Male,57,Clothing,1,50,14,50
39,7/11/2025,22:44:00,5,Male,23,Clothing,4,30,9,120
893,4/29/2025,18:52:00,1,Male,49,Electronics,1,50,17,50
1039,12/3/2025,20:01:00,1,Male,23,Clothing,4,30,14,120
1893,2/25/2025,17:04:00,3,Male,49,Electronics,1,50,23,50
17,2/25/2025,21:08:00,3,Female,27,Clothing,4,25,13,100
316,2/1/2025,17:25:00,3,Female,48,Clothing,2,25,14,50
755,11/27/2025,20:07:00,1,Female,58,Clothing,3,25,7,75
1017,9/5/2025,18:41:00,2,Female,27,Clothing,4,25,12,100
1316,7/21/2025,17:11:00,1,Female,48,Clothing,2,25,12,50
1755,5/23/2025,21:47:00,2,Female,58,Clothing,3,25,8,75
28,12/11/2025,22:34:00,3,Female,43,Beauty,1,500,150,500
98,4/9/2025,19:41:00,1,Female,55,Beauty,2,50,20,100
129,4/17/2025,17:42:00,1,Female,21,Beauty,2,300,75,600
230,3/26/2025,17:44:00,5,Male,54,Beauty,1,25,13,25
613,5/8/2025,17:23:00,2,Female,52,Clothing,3,30,11,90
691,5/12/2025,21:09:00,5,Female,51,Clothing,3,30,15,90
693,6/8/2025,17:12:00,1,Male,41,Beauty,3,500,270,1500
1028,3/9/2025,18:09:00,1,Female,43,Beauty,1,500,250,500
1098,7/6/2025,22:34:00,3,Female,55,Beauty,2,50,20,100
1129,9/8/2025,21:46:00,1,Female,21,Beauty,2,300,156,600
1230,12/4/2025,21:24:00,1,Male,54,Beauty,1,25,13,25
1613,12/14/2025,21:58:00,4,Female,52,Clothing,3,30,10,90
1691,1/7/2025,20:01:00,1,Female,51,Clothing,3,30,14,90
1693,2/20/2025,18:21:00,1,Male,41,Beauty,3,500,130,1500
477,12/3/2025,17:24:00,3,Male,43,Clothing,4,30,16,120
863,11/12/2025,22:40:00,4,Female,30,Electronics,2,25,11,50
1477,1/8/2025,21:59:00,3,Male,43,Clothing,4,30,16,120
1863,5/26/2025,22:33:00,4,Female,30,Electronics,2,25,10,50
6,11/15/2025,22:16:00,2,Female,45,Beauty,1,30,15,30
483,2/6/2025,17:25:00,2,Male,55,Clothing,1,30,8,30
738,2/5/2025,18:24:00,5,Male,41,Clothing,2,50,26,100
1006,10/29/2025,19:23:00,2,Female,45,Beauty,1,30,14,30
1483,3/5/2025,19:53:00,1,Male,55,Clothing,1,30,9,30
1738,11/12/2025,21:33:00,1,Male,41,Clothing,2,50,16,100
222,1/7/2025,18:56:00,4,Male,51,Clothing,4,30,11,120
588,10/18/2025,17:54:00,5,Male,38,Electronics,2,30,14,60
953,7/2/2025,17:58:00,1,Male,45,Beauty,3,30,13,90
1222,9/17/2025,18:15:00,3,Male,51,Clothing,4,30,11,120
1588,6/25/2025,21:29:00,4,Male,38,Electronics,2,30,13,60
1953,5/15/2025,17:34:00,3,Male,45,Beauty,3,30,10,90
66,6/18/2025,22:49:00,3,Female,45,Electronics,1,30,9,30
482,8/12/2025,18:57:00,3,Female,28,Clothing,4,300,141,1200
903,7/27/2025,22:14:00,3,Female,51,Beauty,4,50,14,200
1066,10/6/2025,18:11:00,4,Female,45,Electronics,1,30,8,30
1482,2/10/2025,22:22:00,1,Female,28,Clothing,4,300,114,1200
1903,7/27/2025,21:44:00,5,Female,51,Beauty,4,50,19,200
102,4/17/2025,21:34:00,5,Female,47,Beauty,2,25,7,50
228,4/3/2025,20:26:00,4,Female,59,Electronics,2,30,11,60
236,4/1/2025,22:18:00,5,Female,54,Clothing,1,25,7,25
1102,8/21/2025,18:04:00,5,Female,47,Beauty,2,25,7,50
1228,6/24/2025,21:37:00,5,Female,59,Electronics,2,30,11,60
1236,8/9/2025,18:19:00,4,Female,54,Clothing,1,25,9,25
660,7/29/2025,18:46:00,2,Female,38,Beauty,2,500,270,1000
884,2/18/2025,20:31:00,1,Female,26,Clothing,2,30,8,60
987,11/8/2025,18:45:00,1,Female,30,Clothing,3,300,165,900
1660,9/23/2025,20:27:00,2,Female,38,Beauty,2,500,160,1000
1884,7/9/2025,21:45:00,2,Female,26,Clothing,2,30,11,60
1987,5/26/2025,18:18:00,2,Female,30,Clothing,3,300,129,900
18,9/6/2025,19:13:00,5,Female,47,Electronics,2,25,13,50
69,11/14/2025,22:44:00,1,Female,56,Beauty,3,25,9,75
995,3/4/2025,22:38:00,4,Female,41,Clothing,1,30,10,30
1018,7/6/2025,19:13:00,4,Female,47,Electronics,2,25,13,50
1069,10/13/2025,19:05:00,2,Female,56,Beauty,3,25,7,75
1995,12/10/2025,22:18:00,5,Female,41,Clothing,1,30,15,30
337,8/22/2025,17:56:00,1,Male,38,Clothing,1,500,275,500
585,6/6/2025,21:49:00,3,Female,24,Clothing,1,25,14,25
652,10/31/2025,17:05:00,4,Female,34,Beauty,2,50,21,100
1337,7/21/2025,19:56:00,2,Male,38,Clothing,1,500,225,500
1585,10/5/2025,20:00:00,2,Female,24,Clothing,1,25,7,25
1652,11/16/2025,20:00:00,2,Female,34,Beauty,2,50,21,100
242,10/1/2025,18:28:00,1,Male,21,Clothing,1,25,8,25
293,5/27/2025,19:04:00,4,Male,50,Electronics,3,30,10,90
460,5/1/2025,23:00:00,2,Male,40,Beauty,1,50,19,50
1242,11/27/2025,18:32:00,5,Male,21,Clothing,1,25,11,25
1293,7/1/2025,18:52:00,3,Male,50,Electronics,3,30,14,90
1460,1/25/2025,19:42:00,4,Male,40,Beauty,1,50,22,50
188,8/31/2025,18:50:00,3,Male,40,Clothing,3,25,9,75
357,5/18/2025,18:57:00,4,Female,40,Electronics,3,25,8,75
646,5/26/2025,21:02:00,3,Male,38,Clothing,3,30,14,90
749,7/26/2025,20:33:00,2,Male,42,Beauty,1,30,8,30
974,12/28/2024,18:39:00,3,Male,47,Beauty,1,30,12,30
1188,6/4/2025,22:43:00,2,Male,40,Clothing,3,25,11,75
1357,3/20/2025,19:14:00,3,Female,40,Electronics,3,25,12,75
1646,1/18/2025,19:43:00,1,Male,38,Clothing,3,30,16,90
1749,5/7/2025,19:55:00,2,Male,42,Beauty,1,30,9,30
1974,2/19/2025,20:20:00,3,Male,47,Beauty,1,30,13,30
190,1/25/2025,17:56:00,2,Female,60,Beauty,3,30,11,90
849,6/25/2025,19:33:00,5,Male,32,Clothing,2,25,13,50
853,5/14/2025,22:29:00,3,Male,21,Beauty,2,500,155,1000
1190,9/29/2025,21:00:00,4,Female,60,Beauty,3,30,11,90
1849,7/21/2025,22:42:00,1,Male,32,Clothing,2,25,12,50
1853,5/29/2025,18:39:00,2,Male,21,Beauty,2,500,190,1000
252,5/5/2025,17:37:00,1,Male,54,Electronics,1,300,84,300
606,6/13/2025,20:19:00,2,Male,22,Electronics,1,50,20,50
779,5/15/2025,19:19:00,3,Female,56,Electronics,2,500,155,1000
824,2/25/2025,19:10:00,3,Male,63,Clothing,4,30,9,120
866,7/6/2025,18:16:00,4,Male,24,Electronics,1,50,23,50
1252,12/30/2024,20:18:00,5,Male,54,Electronics,1,300,117,300
1606,10/19/2025,19:52:00,2,Male,22,Electronics,1,50,27,50
1779,1/2/2025,19:45:00,3,Female,56,Electronics,2,500,190,1000
1824,1/24/2025,20:19:00,4,Male,63,Clothing,4,30,13,120
1866,8/17/2025,22:38:00,5,Male,24,Electronics,1,50,20,50
5,9/5/2025,22:10:00,3,Male,30,Beauty,2,50,24,100
90,9/10/2025,17:53:00,3,Female,51,Electronics,1,30,14,30
380,8/30/2025,22:26:00,2,Male,56,Electronics,2,300,102,600
593,1/18/2025,22:05:00,2,Male,35,Electronics,2,30,13,60
820,2/17/2025,22:49:00,1,Male,49,Electronics,4,50,24,200
1005,8/12/2025,20:38:00,2,Male,30,Beauty,2,50,18,100
1090,2/18/2025,19:54:00,4,Female,51,Electronics,1,30,8,30
1380,2/9/2025,19:45:00,3,Male,56,Electronics,2,300,159,600
1593,2/24/2025,22:39:00,5,Male,35,Electronics,2,30,14,60
1820,5/13/2025,21:31:00,1,Male,49,Electronics,4,50,22,200
120,3/31/2025,19:35:00,4,Male,60,Beauty,1,50,13,50
221,11/27/2025,21:01:00,3,Male,39,Beauty,2,300,111,600
341,1/20/2025,17:06:00,5,Male,31,Clothing,4,50,19,200
640,12/25/2024,20:05:00,3,Female,51,Electronics,4,30,13,120
744,5/23/2025,18:02:00,1,Male,40,Electronics,1,25,7,25
1120,3/2/2025,19:32:00,4,Male,60,Beauty,1,50,27,50
1221,9/14/2025,22:57:00,5,Male,39,Beauty,2,300,114,600
1341,1/30/2025,22:10:00,1,Male,31,Clothing,4,50,21,200
1640,6/10/2025,19:44:00,5,Female,51,Electronics,4,30,14,120
1744,7/7/2025,21:49:00,4,Male,40,Electronics,1,25,9,25
273,9/26/2025,20:24:00,1,Female,22,Beauty,1,50,15,50
283,6/1/2025,20:08:00,3,Female,18,Electronics,1,500,165,500
452,1/30/2025,22:41:00,4,Female,48,Clothing,3,500,240,1500
469,3/21/2025,19:24:00,4,Male,18,Beauty,3,25,9,75
620,11/6/2025,20:59:00,4,Male,63,Electronics,3,25,7,75
946,8/8/2025,20:15:00,2,Male,62,Electronics,4,500,235,2000
1273,6/20/2025,20:39:00,1,Female,22,Beauty,1,50,26,50
1283,10/14/2025,20:15:00,1,Female,18,Electronics,1,500,130,500
1452,8/6/2025,17:41:00,3,Female,48,Clothing,3,500,185,1500
1469,12/8/2025,17:22:00,3,Male,18,Beauty,3,25,13,75
1620,2/3/2025,22:48:00,5,Male,63,Electronics,3,25,8,75
1946,7/27/2025,20:48:00,5,Male,62,Electronics,4,500,165,2000
148,7/3/2025,20:39:00,5,Male,18,Clothing,2,30,10,60
414,5/10/2025,19:40:00,1,Male,48,Beauty,4,25,10,100
883,8/20/2025,20:43:00,5,Male,40,Electronics,1,500,245,500
1148,8/11/2025,22:04:00,2,Male,18,Clothing,2,30,11,60
1414,11/22/2025,21:28:00,4,Male,48,Beauty,4,25,11,100
1883,9/20/2025,17:54:00,3,Male,40,Electronics,1,500,200,500
731,9/30/2025,18:49:00,1,Male,54,Clothing,4,500,165,2000
930,1/12/2025,17:54:00,1,Male,54,Clothing,4,50,26,200
1731,12/19/2024,17:41:00,3,Male,54,Clothing,4,500,195,2000
1930,12/21/2024,19:58:00,5,Male,54,Clothing,4,50,13,200
518,7/31/2025,17:01:00,2,Female,40,Clothing,1,30,16,30
1518,5/18/2025,20:03:00,3,Female,40,Clothing,1,30,13,30
758,4/23/2025,18:30:00,1,Male,64,Clothing,4,25,7,100
1758,7/22/2025,18:19:00,3,Male,64,Clothing,4,25,8,100
639,8/1/2025,19:47:00,4,Female,62,Beauty,4,50,27,200
838,9/30/2025,21:20:00,1,Male,47,Electronics,2,300,153,600
1639,12/20/2024,18:13:00,5,Female,62,Beauty,4,50,24,200
1838,6/28/2025,17:06:00,4,Male,47,Electronics,2,300,102,600
353,3/18/2025,21:35:00,5,Male,31,Electronics,1,500,270,500
501,6/28/2025,20:21:00,2,Male,39,Electronics,2,30,9,60
721,6/23/2025,17:10:00,5,Female,52,Clothing,1,500,145,500
1353,9/4/2025,21:59:00,3,Male,31,Electronics,1,500,235,500
1501,1/31/2025,18:00:00,1,Male,39,Electronics,2,30,14,60
1721,1/21/2025,22:42:00,3,Female,52,Clothing,1,500,215,500
123,8/11/2025,19:00:00,3,Female,40,Electronics,2,30,12,60
164,2/28/2025,18:26:00,3,Female,47,Beauty,3,500,185,1500
425,6/11/2025,18:28:00,2,Female,55,Electronics,4,30,16,120
1123,12/11/2025,21:04:00,1,Female,40,Electronics,2,30,11,60
1164,4/7/2025,20:53:00,1,Female,47,Beauty,3,500,245,1500
1425,12/2/2025,22:15:00,1,Female,55,Electronics,4,30,10,120
48,10/6/2025,17:34:00,2,Male,54,Electronics,3,300,123,900
118,3/13/2025,20:07:00,3,Female,30,Electronics,4,500,270,2000
203,3/12/2025,21:33:00,4,Male,56,Clothing,2,500,175,1000
305,3/22/2025,22:09:00,4,Female,18,Beauty,1,30,14,30
358,10/12/2025,18:32:00,4,Female,32,Beauty,1,300,132,300
376,1/29/2025,18:21:00,4,Female,64,Beauty,1,30,12,30
398,2/23/2025,21:17:00,5,Female,48,Clothing,2,300,114,600
411,7/25/2025,20:04:00,3,Male,62,Electronics,4,50,25,200
504,3/31/2025,18:07:00,4,Female,38,Beauty,3,50,22,150
970,5/25/2025,18:13:00,2,Male,59,Electronics,4,500,220,2000
996,7/3/2025,17:38:00,2,Male,62,Clothing,1,50,14,50
1048,7/12/2025,19:14:00,3,Male,54,Electronics,3,300,93,900
1118,10/13/2025,17:24:00,1,Female,30,Electronics,4,500,170,2000
1203,11/26/2025,18:36:00,2,Male,56,Clothing,2,500,145,1000
1305,4/5/2025,18:24:00,5,Female,18,Beauty,1,30,8,30
1358,5/4/2025,21:40:00,5,Female,32,Beauty,1,300,156,300
1376,7/15/2025,19:49:00,3,Female,64,Beauty,1,30,10,30
1398,7/19/2025,17:20:00,1,Female,48,Clothing,2,300,120,600
1411,11/24/2025,20:27:00,1,Male,62,Electronics,4,50,26,200
1504,1/25/2025,17:01:00,4,Female,38,Beauty,3,50,26,150
1970,5/22/2025,17:44:00,5,Male,59,Electronics,4,500,230,2000
1996,12/7/2025,18:49:00,2,Male,62,Clothing,1,50,25,50
81,6/7/2025,22:48:00,4,Male,40,Electronics,1,50,15,50
155,7/18/2025,18:05:00,3,Male,31,Electronics,4,500,150,2000
470,12/26/2024,18:58:00,4,Female,57,Clothing,2,500,165,1000
1081,6/27/2025,22:23:00,5,Male,40,Electronics,1,50,17,50
1155,12/3/2025,18:22:00,3,Male,31,Electronics,4,500,255,2000
1470,6/26/2025,19:47:00,1,Female,57,Clothing,2,500,165,1000
106,5/17/2025,18:58:00,1,Female,46,Clothing,1,50,15,50
818,5/29/2025,18:56:00,4,Male,30,Electronics,1,500,265,500
1106,8/12/2025,17:50:00,3,Female,46,Clothing,1,50,14,50
1818,9/20/2025,17:29:00,4,Male,30,Electronics,1,500,150,500
94,3/13/2025,22:39:00,5,Female,47,Beauty,2,500,250,1000
811,4/15/2025,18:34:00,2,Male,61,Beauty,2,25,7,50
881,12/21/2024,20:52:00,4,Male,22,Electronics,1,300,99,300
1094,6/15/2025,20:34:00,1,Female,47,Beauty,2,500,210,1000
1811,12/9/2025,21:58:00,5,Male,61,Beauty,2,25,9,50
1881,7/11/2025,17:23:00,5,Male,22,Electronics,1,300,147,300
403,4/22/2025,19:31:00,5,Male,32,Clothing,2,300,78,600
653,11/25/2025,22:53:00,3,Male,54,Clothing,3,25,9,75
694,6/30/2025,17:47:00,3,Female,39,Electronics,2,25,10,50
1403,3/25/2025,18:20:00,4,Male,32,Clothing,2,300,162,600
1653,7/23/2025,19:34:00,2,Male,54,Clothing,3,25,13,75
1694,1/10/2025,19:22:00,4,Female,39,Electronics,2,25,10,50
4,8/27/2025,18:12:00,3,Male,37,Clothing,1,500,200,500
647,3/1/2025,19:53:00,5,Male,59,Clothing,3,500,190,1500
911,7/15/2025,17:29:00,3,Male,42,Electronics,3,300,84,900
1004,1/11/2025,21:46:00,2,Male,37,Clothing,1,500,230,500
1647,5/1/2025,20:26:00,5,Male,59,Clothing,3,500,240,1500
1911,12/13/2025,18:33:00,4,Male,42,Electronics,3,300,75,900
419,3/31/2025,19:18:00,5,Female,44,Clothing,3,30,12,90
642,5/4/2025,21:40:00,1,Female,54,Clothing,4,25,12,100
843,1/25/2025,22:46:00,3,Male,21,Beauty,3,500,180,1500
895,8/31/2025,21:51:00,3,Female,55,Clothing,4,30,14,120
1419,2/5/2025,18:42:00,3,Female,44,Clothing,3,30,9,90
1642,12/27/2024,18:30:00,4,Female,54,Clothing,4,25,12,100
1843,9/21/2025,18:58:00,1,Male,21,Beauty,3,500,240,1500
1895,3/27/2025,20:59:00,4,Female,55,Clothing,4,30,15,120
31,12/31/2024,17:47:00,3,Male,44,Electronics,4,300,129,1200
37,5/26/2025,22:42:00,2,Female,18,Beauty,3,25,9,75
72,12/6/2025,19:19:00,5,Female,20,Electronics,4,500,195,2000
243,6/24/2025,18:02:00,5,Female,47,Electronics,3,300,156,900
281,9/18/2025,20:09:00,4,Female,29,Beauty,4,500,275,2000
489,10/31/2025,22:01:00,1,Male,44,Electronics,1,30,14,30
491,12/30/2024,21:11:00,4,Female,60,Electronics,3,300,78,900
729,8/26/2025,22:29:00,3,Male,29,Clothing,4,300,84,1200
822,2/16/2025,17:39:00,3,Female,52,Beauty,3,50,14,150
1031,11/12/2025,21:15:00,3,Male,44,Electronics,4,300,126,1200
1037,10/17/2025,17:38:00,2,Female,18,Beauty,3,25,12,75
1072,2/24/2025,18:10:00,4,Female,20,Electronics,4,500,180,2000
1243,12/8/2025,17:11:00,4,Female,47,Electronics,3,300,138,900
1281,3/14/2025,19:34:00,4,Female,29,Beauty,4,500,165,2000
1489,4/28/2025,18:30:00,2,Male,44,Electronics,1,30,11,30
1491,5/26/2025,22:14:00,107,Female,60,Electronics,3,300,129,900
1729,11/22/2025,18:55:00,82,Male,29,Clothing,4,300,81,1200
1822,9/9/2025,17:15:00,15,Female,52,Beauty,3,50,21,150
840,7/1/2025,18:59:00,60,Male,62,Clothing,2,25,12,50
1840,5/12/2025,20:22:00,138,Male,62,Clothing,2,25,11,50
404,2/13/2025,19:55:00,59,Male,46,Electronics,2,500,160,1000
899,5/22/2025,21:34:00,147,Male,26,Clothing,2,300,153,600
990,3/29/2025,21:45:00,68,Female,58,Beauty,2,500,235,1000
1404,8/20/2025,18:15:00,155,Male,46,Electronics,2,500,185,1000
1899,5/3/2025,21:03:00,51,Male,26,Clothing,2,300,99,600
1990,11/22/2025,17:02:00,48,Female,58,Beauty,2,500,155,1000
382,7/14/2025,21:20:00,29,Female,53,Clothing,2,500,245,1000
578,12/5/2025,22:42:00,68,Female,54,Clothing,4,30,9,120
923,6/10/2025,17:20:00,62,Male,32,Beauty,3,300,165,900
1382,5/20/2025,18:13:00,139,Female,53,Clothing,2,500,185,1000
1578,11/20/2025,18:43:00,66,Female,54,Clothing,4,30,12,120
1923,4/3/2024,17:38:00,74,Male,32,Beauty,3,300,159,900
307,11/11/2024,22:54:00,32,Female,26,Electronics,2,25,9,50
561,7/29/2024,17:04:00,34,Female,64,Clothing,4,500,250,2000
651,9/28/2025,21:02:00,30,Male,51,Clothing,3,50,26,150
1307,1/29/2024,22:11:00,68,Female,26,Electronics,2,25,12,50
1561,9/17/2025,19:38:00,16,Female,64,Clothing,4,500,170,2000
1651,12/4/2024,21:29:00,155,Male,51,Clothing,3,50,24,150
988,8/5/2024,18:41:00,85,Female,63,Clothing,3,25,8,75
1988,11/30/2025,18:47:00,144,Female,63,Clothing,3,25,7,75
67,8/19/2025,20:19:00,119,Female,48,Beauty,4,300,129,1200
1067,10/3/2025,17:01:00,105,Female,48,Beauty,4,300,129,1200
915,10/11/2025,19:06:00,95,Female,26,Beauty,3,30,13,90
985,6/13/2025,22:33:00,113,Female,19,Electronics,2,25,9,50
1915,7/10/2025,22:50:00,53,Female,26,Beauty,3,30,9,90
1985,3/31/2025,20:15:00,113,Female,19,Electronics,2,25,10,50
56,12/27/2024,19:37:00,97,Female,26,Clothing,3,300,120,900
159,11/10/2024,21:30:00,42,Male,26,Clothing,4,50,24,200
862,12/11/2024,21:37:00,29,Male,28,Electronics,4,300,78,1200
1056,4/17/2024,19:46:00,54,Female,26,Clothing,3,300,114,900
1159,4/2/2025,18:08:00,41,Male,26,Clothing,4,50,18,200
1862,2/6/2024,22:50:00,64,Male,28,Electronics,4,300,165,1200
315,7/3/2025,18:53:00,122,Male,47,Clothing,2,30,15,60
545,12/19/2024,17:18:00,61,Male,27,Clothing,2,25,8,50
902,2/14/2024,17:16:00,108,Female,54,Beauty,1,50,22,50
1315,8/31/2024,20:52:00,14,Male,47,Clothing,2,30,13,60
1545,7/15/2025,18:21:00,16,Male,27,Clothing,2,25,8,50
1902,12/21/2024,17:12:00,97,Female,54,Beauty,1,50,14,50
170,9/21/2025,20:46:00,125,Female,25,Clothing,2,25,13,50
685,7/4/2025,22:15:00,90,Male,57,Electronics,2,25,8,50
958,1/1/2024,21:14:00,116,Male,62,Electronics,2,25,11,50
1170,1/6/2025,17:13:00,96,Female,25,Clothing,2,25,8,50
1685,4/20/2024,20:32:00,76,Male,57,Electronics,2,25,9,50
1958,11/27/2024,19:19:00,125,Male,62,Electronics,2,25,12,50
363,5/23/2024,22:51:00,92,Male,64,Beauty,1,25,14,25
394,8/19/2024,19:27:00,105,Female,27,Clothing,1,500,165,500
537,10/1/2025,18:07:00,98,Female,21,Beauty,1,500,275,500
1363,7/4/2025,20:27:00,33,Male,64,Beauty,1,25,8,25
1394,4/17/2024,20:06:00,14,Female,27,Clothing,1,500,250,500
1537,11/29/2024,17:57:00,116,Female,21,Beauty,1,500,140,500
387,1/26/2025,21:58:00,118,Male,44,Beauty,1,30,9,30
556,2/5/2024,17:37:00,42,Female,18,Electronics,1,50,13,50
782,4/13/2024,21:51:00,71,Male,59,Clothing,3,300,150,900
906,7/19/2024,17:55:00,6,Female,20,Clothing,1,50,17,50
1387,7/26/2024,17:48:00,37,Male,44,Beauty,1,30,16,30
1556,5/17/2025,19:13:00,35,Female,18,Electronics,1,50,23,50
1782,4/7/2025,20:23:00,116,Male,59,Clothing,3,300,141,900
1906,10/1/2024,20:10:00,58,Female,20,Clothing,1,50,27,50
560,10/23/2025,22:51:00,7,Female,25,Electronics,1,50,19,50
944,8/23/2024,20:22:00,136,Male,44,Clothing,2,25,12,50
1560,11/13/2024,17:16:00,91,Female,25,Electronics,1,50,19,50
1944,7/18/2025,21:08:00,63,Male,44,Clothing,2,25,7,50
481,7/13/2025,17:12:00,48,Female,43,Electronics,4,300,114,1200
867,7/24/2024,22:40:00,152,Male,21,Electronics,1,500,185,500
882,10/22/2025,21:41:00,144,Female,64,Electronics,2,25,13,50
961,3/22/2025,22:36:00,86,Male,53,Beauty,4,50,23,200
1481,11/9/2025,17:22:00,20,Female,43,Electronics,4,300,114,1200
1867,5/16/2025,19:55:00,144,Male,21,Electronics,1,500,190,500
1882,6/21/2025,20:56:00,15,Female,64,Electronics,2,25,9,50
1961,5/15/2024,21:17:00,95,Male,53,Beauty,4,50,21,200
187,2/20/2024,20:19:00,88,Female,64,Clothing,2,50,21,100
446,11/2/2024,19:57:00,104,Male,21,Electronics,1,50,13,50
1187,7/7/2025,17:05:00,52,Female,64,Clothing,2,50,13,100
1446,1/23/2024,18:55:00,155,Male,21,Electronics,1,50,24,50
539,11/30/2025,18:13:00,135,Male,25,Beauty,1,500,205,500
587,9/4/2025,19:00:00,91,Female,40,Beauty,4,300,99,1200
1539,12/6/2024,21:52:00,96,Male,25,Beauty,1,500,170,500
1587,11/5/2024,20:06:00,140,Female,40,Beauty,4,300,105,1200
212,10/12/2025,18:13:00,105,Male,21,Clothing,3,500,215,1500
765,10/16/2024,19:03:00,77,Male,43,Clothing,4,50,13,200
769,9/9/2024,18:57:00,18,Female,31,Electronics,4,30,10,120
1212,3/16/2024,18:05:00,142,Male,21,Clothing,3,500,265,1500
1765,10/18/2024,22:49:00,13,Male,43,Clothing,4,50,16,200
1769,10/8/2025,22:50:00,116,Female,31,Electronics,4,30,9,120
321,9/24/2025,19:53:00,30,Female,26,Electronics,2,25,10,50
356,8/27/2025,18:35:00,71,Male,50,Electronics,3,500,255,1500
510,5/29/2025,17:04:00,14,Female,39,Beauty,4,50,13,200
534,4/27/2025,22:30:00,112,Male,45,Clothing,2,500,140,1000
1321,4/23/2025,22:54:00,155,Female,26,Electronics,2,25,11,50
1356,12/18/2024,21:31:00,11,Male,50,Electronics,3,500,245,1500
1510,11/20/2024,18:21:00,124,Female,39,Beauty,4,50,19,200
1534,6/13/2024,19:44:00,72,Male,45,Clothing,2,500,270,1000
104,6/9/2024,22:58:00,129,Female,34,Beauty,2,500,190,1000
110,11/18/2024,17:28:00,149,Male,27,Clothing,3,300,99,900
352,7/28/2025,17:55:00,54,Male,57,Electronics,2,500,175,1000
365,2/23/2025,22:12:00,151,Male,31,Clothing,1,300,93,300
887,2/24/2024,19:20:00,44,Male,59,Clothing,4,25,10,100
1104,7/11/2024,20:13:00,70,Female,34,Beauty,2,500,150,1000
1110,10/26/2024,19:14:00,62,Male,27,Clothing,3,300,114,900
1352,10/19/2025,17:40:00,14,Male,57,Electronics,2,500,260,1000
1365,11/8/2025,20:22:00,18,Male,31,Clothing,1,300,156,300
1887,12/11/2025,19:34:00,113,Male,59,Clothing,4,25,10,100
629,1/5/2025,19:55:00,39,Male,62,Electronics,2,25,8,50
1629,2/17/2024,20:18:00,144,Male,62,Electronics,2,25,11,50
655,10/31/2024,18:43:00,19,Female,55,Clothing,1,500,210,500
1655,5/28/2025,17:57:00,8,Female,55,Clothing,1,500,125,500
567,5/8/2025,19:53:00,5,Female,25,Clothing,3,300,144,900
1567,4/7/2025,17:10:00,76,Female,25,Clothing,3,300,162,900
182,6/21/2025,19:27:00,27,Male,62,Beauty,4,30,10,120
819,8/15/2025,21:59:00,111,Female,35,Beauty,2,50,26,100
1182,1/3/2025,21:26:00,14,Male,62,Beauty,4,30,13,120
1819,11/5/2024,20:44:00,83,Female,35,Beauty,2,50,14,100
100,2/8/2024,19:34:00,21,Male,41,Electronics,1,30,9,30
833,5/9/2025,18:39:00,85,Male,42,Beauty,4,50,25,200
1100,1/20/2025,18:15:00,136,Male,41,Electronics,1,30,13,30
1833,1/30/2024,17:20:00,56,Male,42,Beauty,4,50,18,200
542,6/1/2025,18:41:00,50,Female,20,Beauty,1,50,24,50
723,7/14/2024,21:57:00,120,Female,54,Beauty,4,50,21,200
726,6/5/2024,19:37:00,72,Male,47,Clothing,4,300,126,1200
1542,5/17/2025,20:30:00,147,Female,20,Beauty,1,50,15,50
1723,2/10/2024,17:43:00,40,Female,54,Beauty,4,50,18,200
1726,6/26/2025,18:12:00,13,Male,47,Clothing,4,300,93,1200
488,7/5/2024,17:28:00,26,Female,51,Electronics,3,300,123,900
1488,11/12/2024,19:24:00,9,Female,51,Electronics,3,300,126,900
239,9/19/2024,19:34:00,1,Male,38,Electronics,3,500,165,1500
498,3/22/2024,22:20:00,41,Female,50,Clothing,4,25,8,100
532,8/15/2024,18:04:00,92,Female,64,Clothing,4,30,13,120
669,1/23/2024,20:24:00,110,Male,24,Beauty,4,300,87,1200
877,10/1/2024,19:52:00,134,Female,58,Clothing,1,25,7,25
1239,7/8/2024,20:42:00,134,Male,38,Electronics,3,500,255,1500
1498,8/29/2024,17:08:00,51,Female,50,Clothing,4,25,13,100
1532,3/23/2024,22:48:00,51,Female,64,Clothing,4,30,16,120
1669,8/4/2024,22:28:00,83,Male,24,Beauty,4,300,123,1200
1877,1/25/2025,20:19:00,72,Female,58,Clothing,1,25,11,25
422,8/21/2024,22:34:00,67,Female,28,Clothing,3,30,13,90
466,1/11/2025,21:52:00,66,Male,63,Electronics,4,25,14,100
1422,5/7/2024,20:41:00,35,Female,28,Clothing,3,30,14,90
1466,1/16/2025,22:27:00,64,Male,63,Electronics,4,25,11,100
583,1/28/2024,19:44:00,131,Female,24,Electronics,4,25,8,100
654,8/14/2025,17:40:00,92,Male,42,Clothing,3,25,9,75
1583,11/12/2025,22:54:00,102,Female,24,Electronics,4,25,13,100
1654,10/13/2025,20:47:00,111,Male,42,Clothing,3,25,6,75
40,6/7/2024,21:33:00,78,Male,45,Beauty,1,50,25,50
699,11/21/2024,22:21:00,129,Female,37,Clothing,4,30,16,120
727,11/15/2025,18:37:00,32,Male,55,Beauty,3,300,105,900
830,9/29/2024,20:19:00,77,Female,64,Clothing,3,50,19,150
1040,12/12/2025,21:24:00,112,Male,45,Beauty,1,50,21,50
1699,7/29/2025,21:45:00,23,Female,37,Clothing,4,30,13,120
1727,8/8/2025,21:06:00,72,Male,55,Beauty,3,300,75,900
1830,3/4/2025,18:04:00,87,Female,64,Clothing,3,50,21,150
224,11/11/2024,21:32:00,99,Female,25,Clothing,1,50,24,50
271,9/12/2025,18:23:00,44,Female,62,Beauty,4,30,9,120
1224,1/20/2024,17:10:00,103,Female,25,Clothing,1,50,20,50
1271,1/19/2024,19:31:00,27,Female,62,Beauty,4,30,9,120
36,2/22/2025,22:06:00,40,Male,52,Beauty,3,300,144,900
157,5/15/2024,21:59:00,98,Male,62,Electronics,4,500,170,2000
796,10/1/2024,19:50:00,38,Male,43,Beauty,4,30,8,120
839,11/11/2025,21:02:00,130,Female,20,Electronics,4,300,96,1200
927,2/21/2024,17:13:00,83,Male,43,Electronics,4,500,250,2000
1036,8/17/2024,18:03:00,121,Male,52,Beauty,3,300,117,900
1157,12/23/2024,21:24:00,81,Male,62,Electronics,4,500,270,2000
1796,11/12/2025,18:36:00,69,Male,43,Beauty,4,30,11,120
1839,8/28/2024,21:57:00,92,Female,20,Electronics,4,300,156,1200
1927,9/6/2025,19:44:00,46,Male,43,Electronics,4,500,180,2000
407,7/16/2024,22:17:00,117,Female,46,Electronics,3,300,138,900
1407,4/10/2024,19:41:00,54,Female,46,Electronics,3,300,120,900
46,11/8/2024,17:50:00,54,Female,20,Electronics,4,300,84,1200
509,7/10/2025,19:35:00,70,Female,37,Electronics,3,300,141,900
874,1/17/2024,18:14:00,90,Male,60,Beauty,1,30,13,30
1046,7/21/2025,21:47:00,5,Female,20,Electronics,4,300,156,1200
1509,11/25/2024,20:40:00,67,Female,37,Electronics,3,300,129,900
1874,5/14/2024,20:58:00,126,Male,60,Beauty,1,30,13,30
788,6/20/2024,18:54:00,90,Female,52,Beauty,3,300,105,900
1788,5/3/2024,20:35:00,98,Female,52,Beauty,3,300,150,900
378,11/3/2024,18:16:00,81,Male,50,Beauty,1,300,165,300
1378,4/28/2024,21:56:00,27,Male,50,Beauty,1,300,132,300
480,12/22/2024,22:12:00,126,Female,42,Beauty,4,500,225,2000
492,12/16/2024,17:52:00,4,Male,61,Beauty,4,25,7,100
737,3/23/2025,21:11:00,26,Female,33,Clothing,1,50,14,50
1480,11/26/2025,18:05:00,3,Female,42,Beauty,4,500,165,2000
1492,8/26/2025,22:09:00,146,Male,61,Beauty,4,25,10,100
1737,11/14/2024,22:32:00,40,Female,33,Clothing,1,50,14,50
684,6/20/2025,18:02:00,54,Female,28,Clothing,2,500,225,1000
878,10/26/2025,18:53:00,31,Female,20,Clothing,1,30,12,30
1684,1/23/2025,21:40:00,43,Female,28,Clothing,2,500,200,1000
1878,1/24/2025,22:56:00,97,Female,20,Clothing,1,30,8,30
78,2/17/2025,21:08:00,68,Female,47,Clothing,3,500,265,1500
260,1/19/2025,21:09:00,107,Male,28,Beauty,2,30,11,60
455,11/21/2025,19:15:00,134,Male,31,Electronics,4,25,13,100
837,1/15/2025,20:35:00,53,Male,18,Beauty,3,30,8,90
1078,5/4/2025,22:20:00,16,Female,47,Clothing,3,500,125,1500
1260,7/19/2025,17:26:00,117,Male,28,Beauty,2,30,14,60
1455,8/27/2024,21:35:00,32,Male,31,Electronics,4,25,14,100
1837,3/29/2025,20:45:00,32,Male,18,Beauty,3,30,8,90
45,3/20/2024,18:27:00,121,Female,55,Electronics,1,30,11,30
